Building Code,Building Name,Room Number,Floor,Capacity,Occupied,Status,Is Locked,Assigned Students,Student Emails
A,"អន្តេវាសិកដ្ឋាន A (Legacy Female)",A101,1,4,0,available,Open,"",""
A,"អន្តេវាសិកដ្ឋាន A (Legacy Female)",A102,1,4,0,available,Open,"",""
A,"អន្តេវាសិកដ្ឋាន A (Legacy Female)",A103,1,4,0,available,Open,"",""
A,"អន្តេវាសិកដ្ឋាន A (Legacy Female)",A104,1,4,0,available,Open,"",""
B,"អន្តេវាសិកដ្ឋាន B (Legacy Female)",B101,1,4,0,available,Open,"",""
B,"អន្តេវាសិកដ្ឋាន B (Legacy Female)",B102,1,4,0,available,Open,"",""
B,"អន្តេវាសិកដ្ឋាន B (Legacy Female)",B103,1,4,0,available,Open,"",""
B,"អន្តេវាសិកដ្ឋាន B (Legacy Female)",B104,1,4,0,available,Open,"",""
C,"អន្តេវាសិកដ្ឋាន C (Legacy Male)",C101,1,4,0,available,Open,"",""
C,"អន្តេវាសិកដ្ឋាន C (Legacy Male)",C102,1,4,0,available,Open,"",""
C,"អន្តេវាសិកដ្ឋាន C (Legacy Male)",C103,1,4,0,available,Open,"",""
C,"អន្តេវាសិកដ្ឋាន C (Legacy Male)",C104,1,4,0,available,Open,"",""
C,"អន្តេវាសិកដ្ឋាន C (Legacy Male)",C105,1,4,0,available,Open,"",""
C,"អន្តេវាសិកដ្ឋាន C (Legacy Male)",C106,1,4,0,available,Open,"",""
D,"អន្តេវាសិកដ្ឋាន D (Legacy Male)",D101,1,4,0,available,Open,"",""
D,"អន្តេវាសិកដ្ឋាន D (Legacy Male)",D102,1,4,0,available,Open,"",""
D,"អន្តេវាសិកដ្ឋាន D (Legacy Male)",D103,1,4,0,available,Open,"",""
D,"អន្តេវាសិកដ្ឋាន D (Legacy Male)",D104,1,4,0,available,Open,"",""
D,"អន្តេវាសិកដ្ឋាន D (Legacy Male)",D105,1,4,0,available,Open,"",""
D,"អន្តេវាសិកដ្ឋាន D (Legacy Male)",D106,1,4,0,available,Open,"",""
F_NEW,"អន្តេវាសិកដ្ឋាននារីថ្មី (New Female)",F101,1,8,0,available,Open,"",""
F_NEW,"អន្តេវាសិកដ្ឋាននារីថ្មី (New Female)",F102,1,8,0,available,Open,"",""
F_NEW,"អន្តេវាសិកដ្ឋាននារីថ្មី (New Female)",F103,1,8,0,available,Open,"",""
F_NEW,"អន្តេវាសិកដ្ឋាននារីថ្មី (New Female)",F104,1,8,0,available,Open,"",""
F_NEW,"អន្តេវាសិកដ្ឋាននារីថ្មី (New Female)",F201,2,8,0,available,Open,"",""
F_NEW,"អន្តេវាសិកដ្ឋាននារីថ្មី (New Female)",F202,2,8,0,available,Open,"",""
F_NEW,"អន្តេវាសិកដ្ឋាននារីថ្មី (New Female)",F203,2,8,0,available,Open,"",""
F_NEW,"អន្តេវាសិកដ្ឋាននារីថ្មី (New Female)",F204,2,8,0,available,Open,"",""
F_NEW,"អន្តេវាសិកដ្ឋាននារីថ្មី (New Female)",F205,2,8,0,available,Open,"",""
F_NEW,"អន្តេវាសិកដ្ឋាននារីថ្មី (New Female)",F206,2,8,0,available,Open,"",""
F_NEW,"អន្តេវាសិកដ្ឋាននារីថ្មី (New Female)",F207,2,8,0,available,Open,"",""
F_NEW,"អន្តេវាសិកដ្ឋាននារីថ្មី (New Female)",F208,2,8,0,available,Open,"",""
F_NEW,"អន្តេវាសិកដ្ឋាននារីថ្មី (New Female)",F209,2,8,0,available,Open,"",""
F_NEW,"អន្តេវាសិកដ្ឋាននារីថ្មី (New Female)",F210,2,8,0,available,Open,"",""
F_NEW,"អន្តេវាសិកដ្ឋាននារីថ្មី (New Female)",F301,3,8,0,available,Open,"",""
F_NEW,"អន្តេវាសិកដ្ឋាននារីថ្មី (New Female)",F302,3,8,0,available,Open,"",""
F_NEW,"អន្តេវាសិកដ្ឋាននារីថ្មី (New Female)",F303,3,8,0,available,Open,"",""
F_NEW,"អន្តេវាសិកដ្ឋាននារីថ្មី (New Female)",F304,3,8,0,available,Open,"",""
F_NEW,"អន្តេវាសិកដ្ឋាននារីថ្មី (New Female)",F305,3,8,0,available,Open,"",""
F_NEW,"អន្តេវាសិកដ្ឋាននារីថ្មី (New Female)",F306,3,8,0,available,Open,"",""
F_NEW,"អន្តេវាសិកដ្ឋាននារីថ្មី (New Female)",F307,3,8,0,available,Open,"",""
F_NEW,"អន្តេវាសិកដ្ឋាននារីថ្មី (New Female)",F308,3,8,0,available,Open,"",""
F_NEW,"អន្តេវាសិកដ្ឋាននារីថ្មី (New Female)",F309,3,8,0,available,Open,"",""
F_NEW,"អន្តេវាសិកដ្ឋាននារីថ្មី (New Female)",F310,3,8,0,available,Open,"",""
M_NEW,"អន្តេវាសិកដ្ឋានបុរសថ្មី (New Male)",M101,1,8,0,available,Open,"",""
M_NEW,"អន្តេវាសិកដ្ឋានបុរសថ្មី (New Male)",M102,1,8,0,available,Open,"",""
M_NEW,"អន្តេវាសិកដ្ឋានបុរសថ្មី (New Male)",M103,1,8,0,available,Open,"",""
M_NEW,"អន្តេវាសិកដ្ឋានបុរសថ្មី (New Male)",M104,1,8,0,available,Open,"",""
M_NEW,"អន្តេវាសិកដ្ឋានបុរសថ្មី (New Male)",M201,2,8,0,available,Open,"",""
M_NEW,"អន្តេវាសិកដ្ឋានបុរសថ្មី (New Male)",M202,2,8,0,available,Open,"",""
M_NEW,"អន្តេវាសិកដ្ឋានបុរសថ្មី (New Male)",M203,2,8,0,available,Open,"",""
M_NEW,"អន្តេវាសិកដ្ឋានបុរសថ្មី (New Male)",M204,2,8,0,available,Open,"",""
M_NEW,"អន្តេវាសិកដ្ឋានបុរសថ្មី (New Male)",M205,2,8,0,available,Open,"",""
M_NEW,"អន្តេវាសិកដ្ឋានបុរសថ្មី (New Male)",M206,2,8,0,available,Open,"",""
M_NEW,"អន្តេវាសិកដ្ឋានបុរសថ្មី (New Male)",M207,2,8,0,available,Open,"",""
M_NEW,"អន្តេវាសិកដ្ឋានបុរសថ្មី (New Male)",M208,2,8,0,available,Open,"",""
M_NEW,"អន្តេវាសិកដ្ឋានបុរសថ្មី (New Male)",M209,2,8,0,available,Open,"",""
M_NEW,"អន្តេវាសិកដ្ឋានបុរសថ្មី (New Male)",M210,2,8,0,available,Open,"",""
M_NEW,"អន្តេវាសិកដ្ឋានបុរសថ្មី (New Male)",M301,3,8,0,available,Open,"",""
M_NEW,"អន្តេវាសិកដ្ឋានបុរសថ្មី (New Male)",M302,3,8,0,available,Open,"",""
M_NEW,"អន្តេវាសិកដ្ឋានបុរសថ្មី (New Male)",M303,3,8,0,available,Open,"",""
M_NEW,"អន្តេវាសិកដ្ឋានបុរសថ្មី (New Male)",M304,3,8,0,available,Open,"",""
M_NEW,"អន្តេវាសិកដ្ឋានបុរសថ្មី (New Male)",M305,3,8,0,available,Open,"",""
M_NEW,"អន្តេវាសិកដ្ឋានបុរសថ្មី (New Male)",M306,3,8,0,available,Open,"",""
M_NEW,"អន្តេវាសិកដ្ឋានបុរសថ្មី (New Male)",M307,3,8,0,available,Open,"",""
M_NEW,"អន្តេវាសិកដ្ឋានបុរសថ្មី (New Male)",M308,3,8,0,available,Open,"",""
M_NEW,"អន្តេវាសិកដ្ឋានបុរសថ្មី (New Male)",M309,3,8,0,available,Open,"",""
M_NEW,"អន្តេវាសិកដ្ឋានបុរសថ្មី (New Male)",M310,3,8,0,available,Open,"",""